<?xml version="1.0" encoding="UTF-8" ?>
<collection xmlns:xsi="http://www.w3.org/2001/XMLSchema-instance" xsi:schemaLocation="http://www.loc.gov/MARC21/slim http://www.loc.gov/standards/marcxml/schema/MARC21slim.xsd" xmlns="http://www.loc.gov/MARC21/slim">
   <record>
      <leader>     mam a22      a 4500</leader>
      <controlfield tag="001">1933362</controlfield>
      <controlfield tag="003">COO</controlfield>
      <controlfield tag="005">20130330172625.0</controlfield>
      <controlfield tag="008">860528s1965    iq       b    000 0 ara d</controlfield>
      <datafield tag="010" ind1=" " ind2=" ">
         <subfield code="a">ne 65002717  </subfield>
      </datafield>
      <datafield tag="035" ind1=" " ind2=" ">
         <subfield code="a">(NIC)notisAJZ7665</subfield>
      </datafield>
      <datafield tag="035" ind1=" " ind2=" ">
         <subfield code="a">(OCoLC)7859355</subfield>
      </datafield>
      <datafield tag="035" ind1=" " ind2=" ">
         <subfield code="a">1933362</subfield>
      </datafield>
      <datafield tag="040" ind1=" " ind2=" ">
         <subfield code="a">PU</subfield>
         <subfield code="c">PSt</subfield>
         <subfield code="d">NIC</subfield>
      </datafield>
      <datafield tag="090" ind1=" " ind2=" ">
         <subfield code="a">PJ6131</subfield>
         <subfield code="b">.H28</subfield>
      </datafield>
      <datafield tag="100" ind1="1" ind2=" ">
         <subfield code="a">Ḥadīthī, Khadījah.</subfield>
      </datafield>
      <datafield tag="245" ind1="1" ind2="0">
         <subfield code="a">Abniyat al-ṣarf fī Kitāb Sībawayh /</subfield>
         <subfield code="c">Khadījah al-Ḥadīthī.</subfield>
      </datafield>
      <datafield tag="250" ind1=" " ind2=" ">
         <subfield code="a">al-Ṭabʻah 1.</subfield>
      </datafield>
      <datafield tag="260" ind1=" " ind2=" ">
         <subfield code="a">Baghdād :</subfield>
         <subfield code="b">Manshūrāt Maktabat al-Nahḍah,</subfield>
         <subfield code="c">[1965]</subfield>
      </datafield>
      <datafield tag="300" ind1=" " ind2=" ">
         <subfield code="a">576 p. ;</subfield>
         <subfield code="c">25 cm.</subfield>
      </datafield>
      <datafield tag="504" ind1=" " ind2=" ">
         <subfield code="a">Bibliography: p. 531-537.</subfield>
      </datafield>
      <datafield tag="600" ind1="1" ind2="0">
         <subfield code="a">Sībawayh, ʻAmr ibn ʻUthmān,</subfield>
         <subfield code="d">active 8th century.</subfield>
         <subfield code="t">Kitāb</subfield>
      </datafield>
      <datafield tag="650" ind1=" " ind2="0">
         <subfield code="a">Arabic language</subfield>
         <subfield code="x">Morphology.</subfield>
      </datafield>
      <datafield tag="650" ind1=" " ind2="0">
         <subfield code="a">Arabic language</subfield>
         <subfield code="x">Grammar</subfield>
         <subfield code="x">Early works to 1800.</subfield>
      </datafield>
      <datafield tag="905" ind1=" " ind2=" ">
         <subfield code="a">19910805120000.0</subfield>
      </datafield>
      <datafield tag="948" ind1="2" ind2=" ">
         <subfield code="a">20100407</subfield>
         <subfield code="b">m</subfield>
         <subfield code="d">batch</subfield>
         <subfield code="e">lts</subfield>
         <subfield code="x">del9XXtxt</subfield>
      </datafield>
      <datafield tag="995" ind1=" " ind2=" ">
         <subfield code="a">Hivolm</subfield>
         <subfield code="d">20100407</subfield>
      </datafield>
      <datafield tag="903" ind1=" " ind2=" ">
         <subfield code="a">NYUACO</subfield>
         <subfield code="d">20131119</subfield>
         <subfield code="p">31924060270174</subfield>
      </datafield>
      <datafield tag="950" ind1=" " ind2=" ">
         <subfield code="a">PJ6101.S56</subfield>
         <subfield code="b">H12 1965</subfield>
         <subfield code="v"> </subfield>
      </datafield>
   </record>
</collection>
