<?xml version="1.0" encoding="UTF-8" ?>
<collection xmlns:xsi="http://www.w3.org/2001/XMLSchema-instance" xsi:schemaLocation="http://www.loc.gov/MARC21/slim http://www.loc.gov/standards/marcxml/schema/MARC21slim.xsd" xmlns="http://www.loc.gov/MARC21/slim">
   <record>
      <leader>     cam a22     1a 4500</leader>
      <controlfield tag="001">3676422</controlfield>
      <controlfield tag="003">COO</controlfield>
      <controlfield tag="005">20100601081657.0</controlfield>
      <controlfield tag="008">000126s1967    iq       b    001 0 araod</controlfield>
      <datafield tag="035" ind1=" " ind2=" ">
         <subfield code="a">(NIC)notisASP4405</subfield>
      </datafield>
      <datafield tag="035" ind1=" " ind2=" ">
         <subfield code="a">(OCoLC)63163352</subfield>
      </datafield>
      <datafield tag="035" ind1=" " ind2=" ">
         <subfield code="a">3676422</subfield>
      </datafield>
      <datafield tag="040" ind1=" " ind2=" ">
         <subfield code="a">NIC</subfield>
         <subfield code="c">NIC</subfield>
      </datafield>
      <datafield tag="043" ind1=" " ind2=" ">
         <subfield code="a">ma-----</subfield>
      </datafield>
      <datafield tag="050" ind1=" " ind2="4">
         <subfield code="a">PJ7541</subfield>
         <subfield code="b">.M23;1967</subfield>
      </datafield>
      <datafield tag="100" ind1="1" ind2=" ">
         <subfield code="a">Malāʾikah, Nāzik.</subfield>
      </datafield>
      <datafield tag="245" ind1="1" ind2="0">
         <subfield code="a">Qaḍāyā al-shiʻr al-muʻāṣir /</subfield>
         <subfield code="c">Nāzik al-Malāʾikah.</subfield>
      </datafield>
      <datafield tag="250" ind1=" " ind2=" ">
         <subfield code="a">al-Ṭabʻah 3.</subfield>
      </datafield>
      <datafield tag="260" ind1=" " ind2=" ">
         <subfield code="a">Baghdād :</subfield>
         <subfield code="b">Maktabat al-Nahḍah,</subfield>
         <subfield code="c">1967.</subfield>
      </datafield>
      <datafield tag="300" ind1=" " ind2=" ">
         <subfield code="a">312 p. ;</subfield>
         <subfield code="c">25 cm.</subfield>
      </datafield>
      <datafield tag="504" ind1=" " ind2=" ">
         <subfield code="a">Includes bibliographical references and index.</subfield>
      </datafield>
      <datafield tag="650" ind1=" " ind2="0">
         <subfield code="a">Arabic poetry</subfield>
         <subfield code="y">20th century</subfield>
         <subfield code="x">History and criticism.</subfield>
      </datafield>
      <datafield tag="905" ind1=" " ind2=" ">
         <subfield code="a">20000126120000.0</subfield>
      </datafield>
      <datafield tag="948" ind1="2" ind2=" ">
         <subfield code="a">20100601</subfield>
         <subfield code="b">m</subfield>
         <subfield code="d">batch</subfield>
         <subfield code="e">lts</subfield>
         <subfield code="x">del9XXtxt</subfield>
      </datafield>
      <datafield tag="995" ind1=" " ind2=" ">
         <subfield code="a">Hivolm</subfield>
         <subfield code="d">20100601</subfield>
      </datafield>
      <datafield tag="903" ind1=" " ind2=" ">
         <subfield code="a">NYUACO</subfield>
         <subfield code="d">20131119</subfield>
         <subfield code="p">31924028106916</subfield>
      </datafield>
      <datafield tag="950" ind1=" " ind2=" ">
         <subfield code="a">PJ7541</subfield>
         <subfield code="b">.M23 1967</subfield>
         <subfield code="v"> </subfield>
      </datafield>
   </record>
</collection>
